USE pizza;
GO

INSERT INTO MENU (pizza, price, country, base) VALUES ('americano', 7.40, 'U.S.', 'wholemeal')
INSERT INTO MENU (pizza, price, country, base) VALUES ('frutti di mare', 9.20, 'Italy', 'wholemeal')
INSERT INTO MENU (pizza, price, country, base) VALUES ('funghi', 7.30, 'Italy', 'wholemeal')
INSERT INTO MENU (pizza, price, country, base) VALUES ('garlic', 3.50, NULL, 'wholemeal')
INSERT INTO MENU (pizza, price, country, base) VALUES ('ham', 7.30, NULL, 'white flour')
INSERT INTO MENU (pizza, price, country, base) VALUES ('hawaiian', 7.40, 'Canada', 'wholemeal')
INSERT INTO MENU (pizza, price, country, base) VALUES ('margherita', 6.20, 'Italy', 'white flour')
INSERT INTO MENU (pizza, price, country, base) VALUES ('mexicano', 7.40, 'Mexico', 'white flour')
INSERT INTO MENU (pizza, price, country, base) VALUES ('napoletana', 7.40, 'Italy', 'white flour')
INSERT INTO MENU (pizza, price, country, base) VALUES ('quattro stagioni', 7.80, 'Italy', 'wholemeal')
INSERT INTO MENU (pizza, price, country, base) VALUES ('siciliano', 7.40, 'Italy', 'wholemeal')
INSERT INTO MENU (pizza, price, country, base) VALUES ('special', 9.90, NULL, 'white flour')
INSERT INTO MENU (pizza, price, country, base) VALUES ('vegetarian', 7.40, NULL, 'wholemeal')
INSERT INTO MENU (pizza, price, country, base) VALUES ('viennese', 7.40, 'Italy', 'white flour')
GO

INSERT INTO ITEMS (ingredient, type) VALUES ('anchovies', 'fish')
INSERT INTO ITEMS (ingredient, type) VALUES ('bacon', 'meat')
INSERT INTO ITEMS (ingredient, type) VALUES ('capsicum', 'veg')
INSERT INTO ITEMS (ingredient, type) VALUES ('cheese', 'dairy')
INSERT INTO ITEMS (ingredient, type) VALUES ('chilli', 'spice')
INSERT INTO ITEMS (ingredient, type) VALUES ('egg', 'dairy')
INSERT INTO ITEMS (ingredient, type) VALUES ('garlic', 'spice')
INSERT INTO ITEMS (ingredient, type) VALUES ('German sausage', 'meat')
INSERT INTO ITEMS (ingredient, type) VALUES ('ham', 'meat')
INSERT INTO ITEMS (ingredient, type) VALUES ('mushroom', 'veg')
INSERT INTO ITEMS (ingredient, type) VALUES ('olives', 'veg')
INSERT INTO ITEMS (ingredient, type) VALUES ('onion', 'veg')
INSERT INTO ITEMS (ingredient, type) VALUES ('peas', 'veg')
INSERT INTO ITEMS (ingredient, type) VALUES ('pepperoni', 'meat')
INSERT INTO ITEMS (ingredient, type) VALUES ('pineapple', 'fruit')
INSERT INTO ITEMS (ingredient, type) VALUES ('prawn', 'fish')
INSERT INTO ITEMS (ingredient, type) VALUES ('salami', 'meat')
INSERT INTO ITEMS (ingredient, type) VALUES ('seafood', 'fish')
INSERT INTO ITEMS (ingredient, type) VALUES ('spice', 'spice')
INSERT INTO ITEMS (ingredient, type) VALUES ('tomato', 'veg')
GO

INSERT INTO RECIPE (pizza, ingredient, amount) VALUES ('americano', 'pepperoni', 75)
INSERT INTO RECIPE (pizza, ingredient, amount) VALUES ('americano', 'salami', 120)
INSERT INTO RECIPE (pizza, ingredient, amount) VALUES ('americano', 'spice', 10)
INSERT INTO RECIPE (pizza, ingredient, amount) VALUES ('frutti di mare', 'seafood', 200)
INSERT INTO RECIPE (pizza, ingredient, amount) VALUES ('frutti di mare', 'spice', 5)
INSERT INTO RECIPE (pizza, ingredient, amount) VALUES ('funghi', 'mushroom', 100)
INSERT INTO RECIPE (pizza, ingredient, amount) VALUES ('funghi', 'spice', 5)
INSERT INTO RECIPE (pizza, ingredient, amount) VALUES ('garlic', 'garlic', 25)
INSERT INTO RECIPE (pizza, ingredient, amount) VALUES ('garlic', 'spice', 10)
INSERT INTO RECIPE (pizza, ingredient, amount) VALUES ('ham', 'ham', 150)
INSERT INTO RECIPE (pizza, ingredient, amount) VALUES ('ham', 'spice', 5)
INSERT INTO RECIPE (pizza, ingredient, amount) VALUES ('hawaiian', 'ham', 100)
INSERT INTO RECIPE (pizza, ingredient, amount) VALUES ('hawaiian', 'pineapple', 100)
INSERT INTO RECIPE (pizza, ingredient, amount) VALUES ('hawaiian', 'spice', 5)
INSERT INTO RECIPE (pizza, ingredient, amount) VALUES ('margherita', 'cheese', 120)
INSERT INTO RECIPE (pizza, ingredient, amount) VALUES ('margherita', 'spice', 5)
INSERT INTO RECIPE (pizza, ingredient, amount) VALUES ('mexicano', 'capsicum', 75)
INSERT INTO RECIPE (pizza, ingredient, amount) VALUES ('mexicano', 'chilli', 25)
INSERT INTO RECIPE (pizza, ingredient, amount) VALUES ('mexicano', 'mushroom', 50)
INSERT INTO RECIPE (pizza, ingredient, amount) VALUES ('mexicano', 'onion', 75)
INSERT INTO RECIPE (pizza, ingredient, amount) VALUES ('mexicano', 'spice', 20)
INSERT INTO RECIPE (pizza, ingredient, amount) VALUES ('napoletana', 'anchovies', 100)
INSERT INTO RECIPE (pizza, ingredient, amount) VALUES ('napoletana', 'olives', 75)
INSERT INTO RECIPE (pizza, ingredient, amount) VALUES ('napoletana', 'spice', 10)
INSERT INTO RECIPE (pizza, ingredient, amount) VALUES ('quattro stagioni', 'anchovies', 25)
INSERT INTO RECIPE (pizza, ingredient, amount) VALUES ('quattro stagioni', 'ham', 75)
INSERT INTO RECIPE (pizza, ingredient, amount) VALUES ('quattro stagioni', 'mushroom', 50)
INSERT INTO RECIPE (pizza, ingredient, amount) VALUES ('quattro stagioni', 'olives', 50)
INSERT INTO RECIPE (pizza, ingredient, amount) VALUES ('quattro stagioni', 'spice', 10)
INSERT INTO RECIPE (pizza, ingredient, amount) VALUES ('siciliano', 'anchovies', 50)
INSERT INTO RECIPE (pizza, ingredient, amount) VALUES ('siciliano', 'capsicum', 75)
INSERT INTO RECIPE (pizza, ingredient, amount) VALUES ('siciliano', 'olives', 50)
INSERT INTO RECIPE (pizza, ingredient, amount) VALUES ('siciliano', 'onion', 50)
INSERT INTO RECIPE (pizza, ingredient, amount) VALUES ('siciliano', 'spice', 15)
INSERT INTO RECIPE (pizza, ingredient, amount) VALUES ('special', 'anchovies', 25)
INSERT INTO RECIPE (pizza, ingredient, amount) VALUES ('special', 'bacon', 25)
INSERT INTO RECIPE (pizza, ingredient, amount) VALUES ('special', 'capsicum', 25)
INSERT INTO RECIPE (pizza, ingredient, amount) VALUES ('special', 'cheese', 25)
INSERT INTO RECIPE (pizza, ingredient, amount) VALUES ('special', 'egg', 25)
INSERT INTO RECIPE (pizza, ingredient, amount) VALUES ('special', 'German sausage', 25)
INSERT INTO RECIPE (pizza, ingredient, amount) VALUES ('special', 'ham', 25)
INSERT INTO RECIPE (pizza, ingredient, amount) VALUES ('special', 'mushroom', 25)
INSERT INTO RECIPE (pizza, ingredient, amount) VALUES ('special', 'olives', 25)
INSERT INTO RECIPE (pizza, ingredient, amount) VALUES ('special', 'onion', 25)
INSERT INTO RECIPE (pizza, ingredient, amount) VALUES ('special', 'peas', 25)
INSERT INTO RECIPE (pizza, ingredient, amount) VALUES ('special', 'pineapple', 25)
INSERT INTO RECIPE (pizza, ingredient, amount) VALUES ('special', 'salami', 25)
INSERT INTO RECIPE (pizza, ingredient, amount) VALUES ('special', 'seafood', 25)
INSERT INTO RECIPE (pizza, ingredient, amount) VALUES ('special', 'spice', 10)
INSERT INTO RECIPE (pizza, ingredient, amount) VALUES ('special', 'tomato', 25)
INSERT INTO RECIPE (pizza, ingredient, amount) VALUES ('vegetarian', 'capsicum', 50)
INSERT INTO RECIPE (pizza, ingredient, amount) VALUES ('vegetarian', 'mushroom', 50)
INSERT INTO RECIPE (pizza, ingredient, amount) VALUES ('vegetarian', 'onion', 50)
INSERT INTO RECIPE (pizza, ingredient, amount) VALUES ('vegetarian', 'peas', 50)
INSERT INTO RECIPE (pizza, ingredient, amount) VALUES ('vegetarian', 'spice', 5)
INSERT INTO RECIPE (pizza, ingredient, amount) VALUES ('vegetarian', 'tomato', 50)
INSERT INTO RECIPE (pizza, ingredient, amount) VALUES ('viennese', 'German sausage', 150)
INSERT INTO RECIPE (pizza, ingredient, amount) VALUES ('viennese', 'spice', 5)
GO